seed_ratings,algorithm,precision@10,recall@10,ndcg@10,coverage,diversity,novelty_bits
3,Popularity,0.06383333333333333,0.021470861204871437,0.06566867877076918,0.003090394025238218,0.8415805164068269,9.605252198949186
3,Collaborative,0.062000000000000006,0.020510971310100292,0.061429429001027235,0.02086015967035797,0.7838049035804314,9.932542015241873
3,Semantic,0.024166666666666666,0.006310374802214505,0.025832685694559234,0.547257275302601,0.36606591030420693,12.479362719828657
3,Genres,0.017333333333333333,0.003886433171006085,0.018560313044782187,0.24233839814576358,0.16124524247647698,12.702507323235587
3,Adaptive,0.06966666666666667,0.023230231030968735,0.0743928518309766,0.03373680144218388,0.6955717014271823,9.673120602691187
5,Popularity,0.06383333333333333,0.021470861204871437,0.06568708276878177,0.003347926860674736,0.8419764848881433,9.605283518786683
5,Collaborative,0.06549999999999999,0.021692154644042082,0.06588470045241257,0.025495750708215296,0.773043617108638,9.95652297536443
5,Semantic,0.02783333333333334,0.006873359247788053,0.03173355658468403,0.547257275302601,0.3481250231149888,12.383384527442953
5,Genres,0.015666666666666666,0.0025372574312182623,0.01669506412816481,0.24208086531032708,0.11455594550624601,12.951991434430301
5,Adaptive,0.06383333333333333,0.021470861204871437,0.06568708276878177,0.003347926860674736,0.8419764848881433,9.605283518786683
10,Popularity,0.0645,0.021699884942667107,0.06634606308643168,0.0036054596961112542,0.8430832209273187,9.606105534392135
10,Collaborative,0.06666666666666667,0.020370875468005537,0.0683917388737566,0.03708472830285862,0.7554978738340562,9.95928080938665
10,Semantic,0.0335,0.008413968783221813,0.03585621960192556,0.47437548287406645,0.35899836580633765,12.340329490524281
10,Genres,0.017666666666666667,0.0041688052464806565,0.018735705290393076,0.2469739891836209,0.07817276173187492,12.973658526164984
10,Adaptive,0.0645,0.021699884942667107,0.06634606308643168,0.0036054596961112542,0.8430832209273187,9.606105534392135
